Z9,Z10,Z11,Z12,Z13,Z14,Z15,Z16,Z17,Z18,Z19,Z20,Z21
Czy jest grafika,Obrazek z tekstu,Ile jest obrazków,Czy s? obrazki tylko online?,Kod zapisu obrazków offline,LIKE,LOVE,HUG,HAHA,WOW,CRY,WRR,Liczba komentarzy
1-0,1-0,liczba,1-0,LP_Koder,Liczba,Liczba,Liczba,Liczba,Liczba,Liczba,Liczba,Liczba
1,0,1,0,1_M,18,1,,,,,,7
1,1,1,1,NA,22,,,,,,,320
1,0,1,0,3_M,1,,,,,,,2
1,0,2,1,4_M,5,1,,,,,,1
1,0,1,0,5_M,21,,,,4,,,7
0,0,0,0,NA,0,0,0,0,0,0,0,0
1,1,1,1,NA,6,,,,,,,2
1,0,1,0,8_M,14,,,,,,,11
1,1,1,1,NA,1,,,,,,,2
1,0,2,0,10_M,23,,,,,,,18
1,0,3,0,11_M,91,6,,,,,,6
0,0,0,0,NA,3,1,,,,,,26
1,1,1,1,NA,1600,46,464,4,4,293,,536
1,0,2,0,14_M,9,,,,,,,
0,0,0,0,NA,13,,,,,,,17
1,0,1,0,16_M,198,69,3,3,2,,,22
1,0,1,0,17_M,19,,,,,,,6
1,0,1,0,18_M,2,,,,,,,
1,0,2,0,19_M,4,,,,,,,2
0,0,0,0,NA,6,,,,,,,12
0,0,0,0,NA,,,,,,,,20
0,0,0,0,NA,,,,,,,,4
0,0,0,0,NA,,1,,,,,,3
0,0,0,0,NA,3,,,,,,,3
1,0,1,1,NA,1100,180,4,31,9,,1,91
0,0,0,0,NA,5,,,,,,,77
1,0,3,0,27_M,39,4,,,,,,16
1,0,1,0,28_M,5,,,,,,,1
1,0,1,0,29_M,29,10,1,4,,,,5
0,0,0,0,NA,,,,,,,,9
0,0,0,0,NA,56,6,11,,,,,222
1,0,4,0,32_M,69,11,,,,,,11
1,0,1,0,33_M,130,16,1,,1,,,22
0,0,0,0,NA,2,1,,,,,,6
0,0,0,0,NA,,,,,,,,11
0,0,0,0,NA,2,,,,,,,15
1,0,1,0,37_A,8,7,,,1,,,15
1,0,1,0,38_A,13,4,,,,,,2
1,0,3,0,39_G,7,1,,,,,,4
0,0,0,0,NA,3,,,,,,,7
1,0,0,0,41_G,1,,,,,,,0
1,0,3,0,42_G,10,2,,,,,,20
1,0,7,0,43_G,9,2,,,,,,5
1,0,1,0,44_G,14,,,,,,,8
1,0,1,0,45_G,33,6,,1,,,,44
1,0,1,0,46_G,19,3,1,,,,,15
0,0,0,0,NA,1,,,,,,,11
0,0,0,0,NA,1,,,,,,,43
1,0,0,0,FB video,15,8,,,,,,4
1,0,1,0,50_G,0,,,,,,,4
1,0,3,1,51_G,20,8,,,,,,9
0,0,0,0,NA,2,,,,,,,17
1,0,8,0,53_G,10,,,,,,,24
1,0,0,0,JEST YT,1,,,,,,,
0,0,0,0,NA,,,,,,,,
1,0,1,0,56_A,13,5,1,,,,,7
1,0,1,0,57_A,,,,,,,,
1,0,1,0,58_A,16,,,,,,,8
1,0,1,0,59_A,11,2,,,,,,0
1,0,1,0,60_A,16,14,,,,,,9
1,,1,0,61_A,11,,,,,,,8
1,0,1,0,62_A,5,1,,,,,,8
1,0,1,0,63_A,6,2,,,,,,6
1,0,1,0,64_A,28,18,4,49,1,,,20
1,0,1,0,65_A,3,,,,,,,0
1,1,0,1,NA,0,,,,,,,3
0,0,0,0,NA,1,,,,,,,3
1,0,0,0,68_G,0,,,,,,,0
1,0,3,1,NA,6,3,,,,,,3
0,0,0,0,NA,0,,,,,,,59
1,0,6,0,71_G,0,,,,,,,0
0,0,0,0,NA,2,,,,,,,50
1,0,1,0,73_G,5,,,,,,,24
1,0,1,0,74_A,13,2,,,,,,3
0,0,0,0,NA,46,21,,,,,,1
0,0,0,0,NA,23,8,,,,,,3
1,0,1,0,A_77,13,3,,,,,,5
1,0,1,0,A_78,1,,,,,,,
1,0,1,0,A_79,2,1,,,,,,2
0,0,0,0,NA,5,,,,1,,,4
0,0,0,0,0,,,,,1,,,20
1,0,2,0,82_G,35,4,,,,,,34
1,0,1,0,83_G,2,,,,,,,9
1,0,1,0,84_G,3,,,,,,,
1,0,19,1,NA,14,,,,,,,
1,0,2,0,86_G,6,3,,,,,,3
1,0,12,1,87_G,5,,,,,,,
1,0,1,0,88_G,10,,,,,,,2
1,0,1,0,89_G,7,1,,,,,1,
1,0,1,0,90_G,17,1,,,,,,5
1,0,8,0,91_G,3,2,,,,,,
1,0,1,0,92_G,5,2,,,,,,6
0,0,0,0,NA,,,,,,,,7
1,0,1,0,94_G,12,2,,,,,,4
1,0,2,0,95_G,11,1,,,,,,7
1,0,2,0,96_G,21,,,,,,,9
1,0,1,0,97_G,22,,,,,,,5
1,0,1,0,98_G,49,,,,,,,17
0,0,0,0,NA,,,,,,,,11
1,0,1,0,100_G,7,,,,,,,2
0,0,0,0,NA,,,,,,,,41
1,0,1,1,NA,36,1,1,40,,,1,147
0,0,0,0,NA,,,,,,,,1
1,0,2,1,NA,2,1,,,,,,1
1,0,4,0,105_G,9,1,,,,,,15
1,0,7,1,NA,6,1,,,,,,1
1,0,1,0,107_G,2,1,,,,,,5
1,0,1,1,NA,4,1,,,,,,1
1,1,1,1,NA,3,,,,,,,43
1,0,3,1,NA,19,,,,,,,4
0,0,0,0,NA,,,,,,,,7
1,0,1,0,112_G,20,2,,,,,,3
1,0,1,0,113_G,9,,,,,,,7
0,0,0,0,NA,1,,,,,,,1
0,0,0,0,NA,20,,,,,,,119
1,0,1,0,116_M,60,10,,,,,,6
1,0,2,0,117_M,16,,,,1,,,18
0,0,0,0,NA,,,,,,,,9
1,0,1,0,119_M,34,2,,,,,,2
1,0,2,1,120_M,129,12,,,1,,,13
1,0,3,0,121_M,7,,,,,,,2
0,0,0,0,NA,,,,,,,,
1,0,2,1,NA,6,,,,,,,
1,0,3,0,124_M,31,,,,,,,2
1,0,1,0,125_M,,1,,,,,,
0,0,0,0,NA,18,2,6,1,,,,125
0,0,0,0,NA,10,1,,,,,,149
1,0,2,0,128_M,16,5,,,,,,3
1,0,3,1,129_M,214,29,,,1,,,24
1,0,5,0,130_M,71,,,,,,,6
1,0,3,0,131_M,111,7,,,2,,,37
1,0,1,0,132_M,169,5,,,1,,,28
1,0,1,0,133_M,102,21,1,,,,,10
0,0,3,1,134_M,56,4,,,,,,10
0,0,0,0,NA,7,,,,,,,96
1,0,1,0,136_M,16,1,,27,,,,5
1,0,4,0,137_M,13,,,,,,,1
1,0,3,0,138_M,13,,,,,,,2
0,0,0,0,NA,4,,,,,,,53
1,0,1,0,140_M,82,7,,,,,,16
1,0,2,0,141_M,11,,,,,,,
1,0,1,0,142_A,1,,,,,,,
0,0,0,0,NA,,1,,,,,,15
0,0,0,0,NA,4,,,,,,,54
1,0,0,0,145_A,9,3,,5,,,,15
0,0,0,0,NA,1,,4,,,,,47
0,0,0,0,NA,2,,,,,,,2
1,0,0,0,NA,3,,,,,,,
0,0,0,0,NA,,,,,,,,2
1,0,1,0,150_A,12,5,,,1,,,10
0,0,0,0,NA,5,,,,,,,28
1,0,1,0,152_M,100,9,,,1,,1,23
0,0,0,0,NA,2,,4,,,,,7
0,0,0,0,NA,,,,,,,,
1,0,1,1,NA,525,81,,,19,,,54
1,0,1,0,156_M,27,,,,,,,6
1,0,1,0,157_M,42,5,,,,,,41
1,0,1,1,NA,12,,,,,,,
1,0,1,0,159_M,3,,,,,,,
1,0,3,0,160_M,42,,,,,,,9
1,0,1,0,161_M,,,,,,,,
0,0,0,0,NA,1,,,,,,,
1,0,1,0,163_M,143,15,,1,1,,,14
0,0,0,0,NA,4,,,,,,,51
0,0,0,0,NA,5,,,,,,,41
1,0,1,0,166_M,75,,,,,,,32
1,0,1,0,167_M,8,1,,,,,,3
1,0,1,1,NA,96,30,,2,2,,,11
1,0,1,0,169_M,,,,,,,,
1,0,1,0,170_M,637,472,14,,2,,,94
1,0,2,1,171_M,3,,,,,,,
1,0,1,0,172_M,2,,,,,,,3
0,0,0,0,NA,2,,,,,,,2
1,0,1,1,FB Video,3,2,,,,,,
1,0,3,1,175_G,1,,,,,,,
0,0,0,0,NA,,,,,,,,26
1,0,1,0,177_G,,,,,,,,
0,0,0,0,NA,1,,,,,,,64
1,0,1,0,179_G,,,,,,,,
1,0,1,0,180_G,5,1,,,,,,5
1,1,0,1,NA,1,,,,,,,35
0,0,0,0,NA,2,,,,,,,1
0,0,0,0,NA,1,,,,,,,9
1,0,1,0,184_G,2,1,1,,,,,16
0,0,0,0,NA,1,,,,,,,32
0,0,0,0,NA,1,,1,,,,,17
1,0,2,0,187_G,44,2,,,,,,20
1,0,3,0,188_G,31,6,,,,,,17
0,0,0,0,NA,5,,,,,,,54
1,0,4,0,190_M,21,6,,,,,,15
0,0,0,0,NA,9,2,1,,,,,49
1,0,1,0,192_M,174,28,,,,,,15
1,0,1,0,193_M,7,2,,,,,,6
0,0,0,0,NA,7,1,,,,,,28
1,0,1,0,195_M,34,5,,,,,,39
1,0,1,0,196_M,2,,,,,,,5
1,0,1,0,197_M,186,83,,,1,,,14
1,0,1,0,198_M,11,,,,7,,,8
1,0,5,0,199_M,1,,,,,,,
1,0,1,0,200_M,15,1,,,,,,12
1,0,1,0,201_M,1,,,,,,,
1,0,1,0,202_M,,,,,,,,
1,0,1,0,203_M,2,,,,,,,
0,0,0,0,NA,,,,,,,,1
1,0,1,0,205_M,23,5,,,1,,,2
0,0,0,0,NA,,,,,,,,1
1,0,8,0,207_M,3,,,,,,,3
0,0,0,0,NA,,,,,,,,4
1,0,1,0,209_M,31,5,,,,,,24
1,1,1,1,NA,28,,,,,,,212
0,0,0,0,NA,2,,,,,,,4
1,0,19,1,NA,6,1,,,,,,
0,0,0,0,NA,2,,,,,,,31
1,0,1,0,214_G,2,1,,,,,,
0,0,0,0,NA,1,,,,,,,29
0,0,0,0,NA,,,,,,,,5
1,0,1,0,217_G,2,,,,,,,
0,0,0,0,NA,7,1,,,,,,24
1,0,1,1,NA,86,22,2,,,,,18
1,0,5,0,220_G,16,2,,,,,,9
0,0,0,0,NA,,,,,,,,
0,0,0,0,NA,1,,,,,,,15
0,0,0,0,NA,2,,,,,,,31
1,0,6,1,224_G,28,7,,,,,,13
1,0,19,1,225_G,8,1,,,,,,
1,0,23,0,226_G,17,,,,,,,18
1,0,1,0,227_G,,,,,,,,8
1,0,1,0,228_G,3,,,,,,,
1,0,3,0,229_G,42,4,,,,,,7
1,0,4,0,230_G,4,,,,,,,
0,0,0,0,NA,3,,,,,,,24
0,0,0,0,NA,2,,,,,,,4
1,0,51,1,233_G,27,6,,,,,,4
0,0,0,0,NA,4,,,,,,,30
1,0,15,1,NA,20,6,,,,,,
1,0,5,0,236_G,11,2,,,,,,25
1,0,1,1,FB Video,24,,1,,,,,9
0,0,0,0,NA,2,,,,,,,19
1,0,11,1,239_G,,,,,,,,
1,0,1,0,240_G,24,6,,,,,,10
0,0,0,0,NA,1,,,,,,,21
1,0,2,1,242_M,90,5,,1,,,,
1,0,1,0,243_M,58,24,,,1,,,5
0,0,0,0,NA,1,,1,,1,,,
1,0,1,1,NA,7,1,,,1,,,1
1,0,1,1,NA,8,4,,,,,,1
1,0,9,0,247_M,29,,,,,,,1
1,0,5,0,248_M,5,1,,,,,,
1,0,1,0,249_M,71,,,,,,,33
1,0,1,0,250_M,,,,,,,,
1,0,1,0,251_M,21,,,,,,,1
1,0,4,1,252_M,32,,,,,,,1
0,0,0,0,NA,12,,,,,,,121
0,0,0,0,NA,8,,1,,,,,16
0,0,0,0,NA,11,,,,,,,1
1,0,1,1,NA,1,,,,,,,
1,1,1,1,NA,6,,,,,,,62
0,0,0,0,NA,,,,,,,,8
1,0,1,0,259_M,1,,,,,,,3
1,0,1,0,260_M,7,,,,,,,7
0,0,0,0,NA,,,,,,,,3
1,0,5,0,262_M,20,,,,,,,
1,0,1,1,NA,34,,,,,,,9
1,0,1,0,264_M,23,,,,,,,2
1,0,5,1,NA,4,,,,,,,
0,0,0,0,NA,556,151,9,3,,,,238
1,0,9,1,NA,363,74,1,,1,,,26
1,0,5,0,268_M,,,,,,,,
0,0,0,0,NA,177,73,2,,1,,,131
0,0,0,0,NA,,,,,,,,6
1,0,7,0,271_M,52,4,,,,,,3
1,0,1,0,272_M,10,,,,,,,1
1,0,2,0,273_A,3,,,,,,,12
1,0,2,0,274_A,9,6,,,,,,7
0,0,0,0,NA,2,,,,2,,,3
1,0,1,0,276_A,7,3,,,,,,5
1,0,1,0,277_A,10,2,,,,,,14
1,0,1,0,278_A,16,10,,,,,,21
1,0,0,1,film,,1,,,,,,
0,0,0,0,NA,3,,,,,,,3
1,0,3,0,281_A,5,,,,,,,
1,0,2,0,282_A,11,,,,,,,10
1,0,5,0,283_A,10,2,1,,,,,11
1,0,1,0,284_A,6,2,,,,,,5
0,0,0,0,NA,1,,,,1,,,
1,0,1,0,286_A,3,1,,,,,,2
1,0,1,0,287_A,2,,,,,,,2
1,0,1,0,288_A,8,3,,,,,,2
0,0,0,0,NA,1,,,,,,,21
1,0,9,0,290_A,3,,,,,,,2
0,0,0,0,0,,,,,,,,10
1,0,5,0,292_A,71,25,,,13,,,38
0,0,0,0,NA,4,1,,,,,,6
1,0,0,1,294_A,3,,,,,,,91
0,0,0,0,NA,,,,,,,,14
0,0,0,0,NA,2,,,,,,,59
1,0,1,0,297_G,5,,,,,,,1
0,0,0,0,NA,,,,,,,,3
1,0,1,0,299_G,5,,,,,,,4
1,0,3,0,300_G,24,3,,,,,,12
1,0,13,1,NA,6,1,,,,,,
1,0,9,0,302_G,1,,,,,,,1
0,0,0,0,NA,,,,,,,,10
0,0,0,0,NA,,,1,,,,,3
1,1,1,1,NA,2,,,,,,,41
1,0,3,0,306_G,40,1,,,,,,30
1,0,1,1,NA,1,,,,,,,
0,0,0,0,NA,1,,,,,,,8
0,0,0,0,NA,,,,,,,,6
0,0,0,0,NA,3,,,,,,,29
1,0,1,1,NA,4,4,,,,,,7
1,0,1,0,312_G,18,,1,,,,,14
1,0,0,0,313_G,5,,,,,,,16
0,0,0,0,NA,2,,,,,,,39
0,0,0,0,NA,1,,,,,,,
1,0,3,1,NA,26,,,,,,,9
1,0,2,0,317_G,24,4,,,,,,11
1,0,12,0,318_G,14,,,3,,,,12
0,0,0,0,NA,,,,,,,,11
1,1,1,1,NA,7,1,,,,,,12
1,0,1,0,321_G,10,1,,,,,,16
1,0,2,0,322_G,2,,,,,,,
0,0,0,0,NA,2,,,,,,,19
1,0,0,0,324_G,10,1,,,,,,
1,0,11,0,325_G,26,4,,,,,,14
0,0,0,0,NA,3,,,,,,,14
0,0,0,0,NA,,,,,,,,8
1,0,2,0,328_G,437,162,2,1,99,,,113
1,0,25,1,329_G,9,3,,,,,,
0,0,0,0,NA,1,,,,,,,18
1,0,1,1,NA,62,8,,,,,,13
1,1,1,1,NA,,,,,,,,50
0,0,0,0,NA,1,,,,,,,2
1,0,1,0,334_G,1,,,,,,,
0,0,0,0,NA,2,,,,,,,51
0,0,0,0,NA,2,,,,,,,42
0,0,0,0,NA,5,,,,,,,86
1,0,1,0,338_G,7,1,,,,,,
1,0,19,1,339_G,8,,,,,,,
0,0,0,0,NA,1,,,,,,,32
1,0,0,0,341_G,,,,,,,,
0,0,0,0,NA,,,,,,,,21
1,0,1,0,343_G,11,,,,,,,1
1,0,2,0,344_G,10,1,,,,,,22
1,0,3,1,345_G,48,5,,,,,,5
1,0,1,0,346_G,1,,,,,,1,19
1,1,1,1,NA,9,,,,,,,134
1,0,1,0,348_G,,,,,,,,
0,0,0,0,NA,,,,,,,,18
1,0,42,1,NA,15,6,,,,,,
1,0,9,1,351_G,5,1,1,,,,,8
1,0,15,1,NA,15,1,,,,,,1
0,0,0,0,NA,,1,,,,,,19
1,0,1,1,NA,87,16,,,1,,,6
1,0,4,1,355_G,117,19,,,1,,,16
1,0,2,0,356_G,18,4,,,,,,10
1,0,8,0,357_G,10,2,,,,,,
1,0,1,1,NA,3,,,,,1,,
1,0,1,0,359_G,1,,,,,,,
1,0,4,0,360_G,7,,,,,,,1
1,0,2,1,361_G,10,4,,,,,,1
1,0,6,1,362_G,4,,,,,,,
1,0,1,0,363_G,2,,,,,,,
0,0,0,0,NA,,,,,,,,23
1,0,1,0,365_M,7,,,,,,,18
0,0,0,0,NA,1,,,,,,,6
0,0,0,0,NA,5,,,,,,,10
1,0,1,0,368_M,53,12,,,,,,5
1,0,1,0,369_M,62,7,,,,,,14
1,0,6,0,370_M,2,,,,,,,
1,0,1,0,371_M,4,,,,,,,
0,0,0,0,NA,,,,,,,,
0,0,0,0,NA,1,,,,,,,2
1,0,1,0,374_M,39,3,,,,,,28
0,0,0,0,NA,6,,,,,,,72
0,0,0,0,NA,,,,,,,,1
1,0,1,0,377_M,32,5,,,,,,5
1,0,6,1,378_M,327,146,1,1,2,,,35
1,0,1,0,379_M,22,2,,,,,,2
1,0,1,0,380_M,5,,,,,,,
1,0,1,0,381_M,15,1,,,,,,
1,0,1,0,382_M,2,,,,,,,
1,1,1,1,NA,57,1,,7,,,,547
1,0,1,0,384_M,10,,,,,,,3
1,0,1,0,385_M,7,,,,1,,,5
1,0,1,1,NA,13,,,,,,,2
0,0,0,0,NA,2,,,,,,,16
1,0,1,0,388_M,3,,,,,,,7
1,0,4,0,389_M,326,52,,,24,,,120
0,0,0,0,NA,3,,,,,,,
1,0,1,0,391_M,39,,,,,,,130
1,0,1,0,392_M,22,,,,,,,15
1,0,1,0,393_M,27,4,,11,,,,14
1,0,9,0,394_M,46,3,,,,,,4
1,0,3,0,395_M,3,,,,,,,
1,0,1,1,NA,26,,,,,,,
1,0,1,0,397_A,1,4,,,,,,12
1,0,2,0,398_A,3,2,,,1,,,
1,0,4,0,399_A,1,3,,,,,,1
0,0,0,0,NA,1,,,,,,,3
1,0,1,0,401_A,2,,,,,,,2
1,0,1,0,402_A,3,,,,,,,2
1,0,1,1,NA,2,,,,,,,
1,0,4,0,404_M,15,2,,,1,,,
0,0,0,0,NA,14,,1,,,,,125
1,0,4,1,406_M,15,2,,,,,,3
1,0,1,1,NA,5,,,,,,,1
0,0,0,0,NA,5,,,,,,,17
1,0,4,1,409_M,11,1,,,,,,13
1,0,1,1,NA,205,12,2,1,7,,,47
1,0,1,0,411_M,10,1,,,,,,2
1,0,4,1,412_M,18,3,,,,,,12
1,0,1,0,413_M,82,8,,,,,,6
1,0,9,1,414_M,29,,,,,,,
0,0,0,0,NA,7,,1,,,,,30
1,0,2,1,NA,51,6,,,1,,,22
1,0,2,0,417_M,1,1,,,,,,
1,0,1,0,418_M,6,1,,,,,,7
1,0,2,0,419_M,8,,,,,,,15
0,0,0,0,NA,1,,,,,,,17
1,0,1,0,421_M,143,21,1,,,,,33
1,0,1,0,422_M,6,,,,,,,
1,0,4,0,423_M,16,1,,,,,,9
1,0,1,1,NA,20,1,,,,,,
1,0,2,1,425_M,35,3,,,,,,14
1,0,19,1,426_G,23,4,,,,,,
1,0,1,0,427_G,31,1,,,,,,28
1,0,1,0,428_G,10,,,,,,,12
0,0,0,0,NA,,,,,,,,4
0,0,0,0,NA,3,,,,,,,35
0,0,0,0,NA,,,,,,,,24
0,0,0,0,NA,1,,,,,,,11
1,0,17,1,NA,12,2,,,,,,1
0,0,0,0,NA,1,,,,,,,11
1,0,11,1,435_G,3,1,,,,,,2
0,0,0,0,NA,,,,,,,,5
1,0,1,1,NA,1,,,2,,,,
1,0,1,0,438_G,7,,,,,,,
0,0,0,0,NA,4,,,,,,,23
1,0,1,0,440_G,4,,,,,,,7
1,0,1,0,441_G,1,,,,,,,2
0,0,0,0,NA,1,,,,,,,47
1,0,1,0,443_G,26,4,,,1,,,3
1,0,1,0,444_G,,,,,,,,2
1,0,78,1,NA,5,2,,,,,,
0,0,0,0,NA,2,,,,,,,27
1,0,7,1,447_G,2,1,,,,,,
0,0,0,0,NA,1,,,,,,,16
0,0,0,0,NA,,,,,,,,33
0,0,0,0,NA,3,,,,,,,13
0,0,0,0,NA,1,,,1,,,,13
0,0,0,0,NA,1,,,,,,,
0,0,0,0,NA,1,,,,,,,12
1,0,1,0,454_G,,,,,,,,
0,0,0,0,NA,3,,,,,,,52
0,0,0,0,NA,1,1,,,,,,3
1,0,1,0,457_A,14,4,,,,,,7
1,0,1,0,458_A,7,4,1,,,,1,10
1,0,1,0,459_A,8,1,,,,,,1
1,0,3,0,460_A,66,23,,,,,,43
1,0,2,0,460_A,4,,,,1,,,2
0,0,,0,NA,1,,,,,,,1
1,0,1,0,463_A,6,2,,,,,,8
0,0,,0,NA,1,,1,,,,,32
1,0,4,0,465_A,6,3,,,,,,8
1,0,11,0,466_A,68,29,1,,1,,,19
0,0,0,0,NA,1,,,,1,,,
1,0,1,0,468_A,7,,,,,,,14
1,0,1,0,469_A,,,,,,,,17
1,0,1,0,470_A,3,2,,,,,,
1,0,1,0,471_A,27,9,,,,,,8
0,0,0,1,NA,,,,,,,,
0,1,2,0,473_A,7,,,,1,,,
1,0,2,0,474_A,6,2,,,,,,2
1,0,4,0,475_A,4,3,,,,1,,
1,0,4,0,476_A,20,4,,,1,,,1
0,0,0,0,NA,2,,,,,,,51
0,0,0,0,NA,2,,,,,,,15
0,0,0,0,NA,2,,,,,,,47
0,0,0,0,NA,2,,1,,,,,27
0,0,0,0,NA,,,,,,,,
1,0,1,0,NA,10,9,2,7,,,,4
1,0,1,0,485_A,10,,4,,,,,21
0,0,0,0,NA,,,,,,,,8
1,0,1,0,487_A,,,1,,,,,6
0,0,0,0,NA,1,,,,,,,10
1,0,1,0,NA,9,1,,,,,,3
1,0,1,0,488_A,5,,,,,,,
1,0,1,0,489_A,5,4,,,4,,,8
0,0,0,0,NA,2,1,,,,,,12
1,0,1,0,491_A,15,2,2,,,,,
1,0,1,0,492_A,23,10,,,,,,10
0,0,0,0,NA,1,,,,,,,1
1,0,1,0,494_A,7,1,,,,,,6
1,0,1,0,495_A,12,6,1,,,,,7
1,0,3,0,496_A,1,3,,4,2,,,
0,0,0,0,0,1,,,,,,,
1,0,1,0,498_A,,,,,,,,7
1,0,0,0,NA,,,,,,,,
0,0,0,0,0,,,,,,,,5
0,0,0,0,0,3,,,,,,,11
,,,,,,,,,,,,
,,,,,,,,,,,,
,,,,,,,,,,,,
,,,,,,,,,,,,
1,0,1,0,506_G,,,,,,,,
0,0,0,0,NA,2,,,,,,,52
1,0,1,0,508_G,2,,,,,,,
0,0,0,0,NA,,,,,,,,5
1,0,1,0,510_G,2,,,,,,,
1,0,9,0,511_G,19,2,,,,,,2
1,0,1,0,512_G,36,6,1,,,,,19
0,0,0,0,NA,2,,,,,,,28
1,0,28,1,NA,7,2,,,,,,1
1,0,1,0,515_G,17,6,,,,,,1
1,0,15,1,NA,14,2,,,,,,
1,0,1,0,517_G,,,,,,,,
1,0,1,0,518_G,3,,,,,,,
1,0,3,1,519_G,41,15,,,,,,15
1,0,1,0,520_G,8,1,,,,,,2
1,0,1,0,521_G,21,2,,,,,,13
1,0,17,1,522_G,3,,,,,,,
1,0,12,0,523_G,14,,,,,,,1
0,0,0,0,NA,,,,,,,,5
1,0,4,0,525_G,30,17,,,,,,29
1,0,1,0,526_G,10,,,,,,,11
1,0,1,0,527_G,18,3,,,,,,12
1,0,4,,528_G,6,,,,,,,8
1,0,1,0,529_G,10,,,,,,,11
0,0,0,0,NA,,,,,,,,26
1,0,3,0,531_G,3,,,,,,,14
0,0,0,0,NA,3,,,,,,,10
0,0,0,0,NA,2,1,,,,,,18
0,0,0,0,NA,,,,,,,,12
1,0,7,0,535_G,33,18,,,6,,,18
1,0,1,0,536_G,23,1,,9,,,,23
1,0,1,0,537_G,51,6,,,,,,14
1,0,1,0,538_G,10,2,,,,,,2
1,0,3,1,539_G,36,4,,,,,,12
1,0,36,1,NA,5,,,,,,,
1,0,3,0,541_G,37,5,,,,,,10
1,0,1,0,542_G,2,2,,4,,,,
1,0,8,0,543_G,76,9,1,,,,,14
1,1,1,1,NA,1,,,,,,,48
0,0,0,0,NA,2,,,,,,,85
1,0,1,0,546_G,,,,,,,,
0,0,0,0,NA,,1,,,,,,8
1,0,39,1,548_G,15,2,,,,,,
0,0,0,0,NA,,,,,,,,9
1,1,1,1,NA,3,2,,,,,,77
1,0,37,1,551_G,7,2,,,,,,
1,0,2,0,552_G,340,96,,,6,,,101
0,0,0,0,NA,,,,,,,,22
1,0,1,0,554_G,8,,,,,,,2
1,0,6,0,555_G,12,1,,,,,,9
1,0,1,0,556_G,59,1,,,,,,14
0,0,0,0,NA,2,,,,,,,20
1,0,14,1,NA,6,3,,,,,,
1,0,1,0,559_G,4,,,,,,,
1,0,3,0,560_G,29,5,,,1,,,12
1,0,5,0,561_G,12,,,,,,,6
1,0,3,0,562_G,88,10,,,4,,,24
1,0,2,0,563_G,1,1,,,,,,
1,0,10,1,564_G,,,,,,,,
1,0,7,1,565_G,10,2,1,,,,,7
1,0,7,1,566_G,,,,,,,,
1,0,1,0,567_G,2,,,,,,,9
0,0,0,0,NA,1,,,,,,,17
1,0,1,0,569_G,6,,1,,,,,
1,0,1,0,570_G,1,,,,,,,24
1,0,1,0,571_G,52,4,,1,1,,,29
0,0,0,0,NA,1,,,,,,,13
1,0,1,0,573_G,2,,,,,,,
1,0,1,0,574_G,1,,,,,,,
0,0,0,0,NA,1,,,,,1,,10
1,0,4,0,576_G,28,1,,,,,,4
1,0,1,1,NA,9,4,,6,,,,1
0,0,0,0,NA,,,,,,,,7
1,0,1,1,NA,115,29,3,4,3,,,42
1,0,10,1,580_G,9,3,,,,,,10
1,0,22,1,581_G,6,1,,,,,,
1,0,26,1,NA,8,4,,,,,,2
0,0,0,0,NA,,,,,,,,6
1,0,1,0,584_G,29,6,,,2,,,20
0,0,0,0,NA,,2,,,,,,
1,0,1,0,586_G,1,,,,,,,
1,0,7,0,587_G,4,,,,,,,
1,0,1,0,588_G,12,1,,,,,,2
0,0,0,0,NA,,,,,,,,2
1,0,7,0,590_M,77,,,,,,,15
0,0,14,0,591_M,104,9,,,1,,,16
1,0,1,0,592_M,6,,,,1,,,
1,0,2,1,593_M,35,3,,,,,,14
1,0,1,0,594_M,3,,,,,,,9
1,0,1,0,595_M,,,,,,,,
1,0,1,0,596_M,50,,,,,,,9
1,0,1,0,597_M,92,3,2,81,1,,,95
1,0,1,0,598_M,6,,,,,,,8
1,0,1,0,599_M,171,15,,,,,,81
1,0,1,0,600_M,58,6,,,,,,14
1,0,2,1,601_M,13,,,,,,,11
1,0,1,0,602_M,3,,,,,,,
0,0,0,0,NA,16,1,,,,,,136
0,0,0,0,NA,9,4,,,,,,67
0,0,0,0,NA,,,,,,,,2
0,0,0,0,NA,1,,,,,,,15
0,0,0,0,NA,4,,,,,,,75
0,0,0,0,NA,5,3,,,,,,
1,0,1,0,609_M,39,6,,,,,,7
0,0,0,0,NA,,,,,,,,16
0,0,0,0,NA,5,,,,,,,51
1,0,1,0,612_M,5,1,,,,,,
0,0,0,0,0,7,1,,,,,,55
1,0,1,0,614_M,72,9,,,,,,9
0,0,0,0,NA,15,4,,,,,,9
0,0,0,0,NA,5,,,,,,,27
1,0,1,0,617_M,138,33,1,,,,,23
1,0,1,1,NA,121,8,1,,,,,6
1,0,1,0,619_M,71,7,,,,,,31
1,0,1,1,NA,87,5,,,,,,6
1,0,1,0,621_M,38,,,,,,,6
1,0,1,0,622_M,5,,,,,,,1
1,0,3,0,623_M,18,,,,,,,11
1,0,1,0,624_M,6,1,,,,,,2
1,0,1,1,NA,9,,,,,,,
1,0,1,0,626_M,31,2,,,,,,18
1,0,1,0,627_M,7,,,,1,,,9
1,0,1,0,628_M,8,,,,,,,2
1,0,1,0,629_M,9,,,7,,,,
1,0,2,0,630_M,3,,,,,,,7
1,0,1,0,631_M,6,3,,,,,,26
1,0,1,1,NA,71,24,1,,,,,114
1,0,1,0,633_M,60,10,,,,,,6
1,0,1,1,NA,378,57,1,2,,,,56
1,0,1,0,635_M,1,,,,,,,
1,0,1,0,636_M,28,12,1,,,,,1
1,0,7,0,637_M,19,3,,,,,,1
1,0,1,0,638_M,,,,,,,,
1,0,1,0,639_M,2,,,,,,,
1,0,1,0,640_M,15,2,,,,,,6
1,0,3,0,641_M,101,13,,1,,,,16
1,0,5,1,642_M,6,,,,,,,
